{"cameraMode":{"drawMode":0,"name":"Shaded","section":"Shading Mode"},"sceneLighting":false,"audioPlay":false,"sceneViewState":{"showFog":true,"showMaterialUpdate":false,"showSkybox":true,"showFlares":true,"showImageEffects":true,"showParticleSystems":true},"in2DMode":false,"pivot":{"x":-0.33000001311302187,"y":8.319999694824219,"z":-1.7000000476837159},"rotation":{"x":0.1805996149778366,"y":-0.6763479709625244,"z":0.17653025686740876,"w":0.6919383406639099},"size":10.0,"orthographic":false}