{"cameraMode":{"drawMode":0,"name":"Shaded","section":"Shading Mode"},"sceneLighting":false,"audioPlay":false,"sceneViewState":{"showFog":true,"showMaterialUpdate":false,"showSkybox":true,"showFlares":true,"showImageEffects":true,"showParticleSystems":true},"in2DMode":false,"pivot":{"x":-15.653797149658204,"y":0.6289205551147461,"z":-16.552431106567384},"rotation":{"x":0.03950446844100952,"y":0.9565813541412354,"z":-0.24355196952819825,"w":0.15515875816345216},"size":9.133581161499024,"orthographic":false}