{"cameraMode":{"drawMode":0,"name":"Shaded","section":"Shading Mode"},"sceneLighting":false,"audioPlay":false,"sceneViewState":{"showFog":true,"showMaterialUpdate":false,"showSkybox":false,"showFlares":true,"showImageEffects":true,"showParticleSystems":true},"in2DMode":false,"pivot":{"x":0.4269999861717224,"y":12.5600004196167,"z":-14.109999656677246},"rotation":{"x":-0.23389245569705964,"y":0.4806073307991028,"z":-0.13472698628902436,"w":-0.8343659043312073},"size":0.5196154713630676,"orthographic":false}