{"cameraMode":{"drawMode":0,"name":"Shaded","section":"Shading Mode"},"sceneLighting":false,"audioPlay":false,"sceneViewState":{"showFog":true,"showMaterialUpdate":false,"showSkybox":false,"showFlares":true,"showImageEffects":true,"showParticleSystems":true},"in2DMode":false,"pivot":{"x":-2.178560733795166,"y":13.430233001708985,"z":-12.988877296447754},"rotation":{"x":-0.09881498664617539,"y":-0.8935712575912476,"z":0.2418363243341446,"w":-0.3651098608970642},"size":0.5196154117584229,"orthographic":false}