{"cameraMode":{"drawMode":0,"name":"Shaded","section":"Shading Mode"},"sceneLighting":false,"audioPlay":false,"sceneViewState":{"showFog":true,"showMaterialUpdate":false,"showSkybox":false,"showFlares":true,"showImageEffects":true,"showParticleSystems":true},"in2DMode":false,"pivot":{"x":2.761155605316162,"y":15.924999237060547,"z":-7.043249130249023},"rotation":{"x":-0.20510835945606233,"y":0.7130531668663025,"z":-0.23259584605693818,"w":-0.628810465335846},"size":0.2598080635070801,"orthographic":false}