{"cameraMode":{"drawMode":0,"name":"Shaded","section":"Shading Mode"},"sceneLighting":false,"audioPlay":false,"sceneViewState":{"showFog":true,"showMaterialUpdate":false,"showSkybox":false,"showFlares":true,"showImageEffects":true,"showParticleSystems":true},"in2DMode":false,"pivot":{"x":10.220454216003418,"y":12.204296112060547,"z":-11.19946575164795},"rotation":{"x":-0.23389245569705964,"y":0.4806073307991028,"z":-0.13472698628902436,"w":-0.8343659043312073},"size":0.43301546573638918,"orthographic":false}